Comparison,Z,P.unadj,P.adj
A) Base (1990) - B) Adhesión (2001),-2.192409753185469,0.02834993301849559,0.08504979905548678
A) Base (1990) - C) Post-OMC (2010),-4.425580237779392,9.618339640137314e-6,2.8855018920411943e-5
B) Adhesión (2001) - C) Post-OMC (2010),-2.2331704845939226,0.025537703921076838,0.07661311176323052
